id,first_name,last_name,email,gender,ip_address
1,Bren,Neaves,bneaves0@bizjournals.com,Male,12.194.87.209
2,Kacey,Catcherside,kcatcherside1@merriam-webster.com,Female,15.19.11.162
3,Mendie,Sebyer,msebyer2@tripod.com,Male,114.52.140.242
4,Tamarah,Folshom,tfolshom3@odnoklassniki.ru,Female,87.150.69.113
5,Evangelia,Burdoun,eburdoun4@mysql.com,Female,53.241.102.100
6,Rik,Camden,rcamden5@gmpg.org,Male,137.132.157.86
7,Conni,Clay,cclay6@springer.com,Female,88.38.123.212
8,Liv,Saladin,lsaladin7@youtube.com,Female,50.187.10.101
9,Averill,Goacher,agoacher8@ovh.net,Male,85.253.125.75
10,Pembroke,Jelkes,pjelkes9@tinypic.com,Male,241.220.21.95
